Beipiaosaurus|bay-pyow-sore-us|Beipiao lizard|Xu, Tang and Wang|1999
Mussaurus|moos-SORE-us|mouse lizard|Bonaparte and Vince|1979
Styracosaurus|sty-RAK-oh-sore-us|spiked lizard|Lambe|1913
Eoraptor|EE-oh-RAP-tor|early plunderer|Sereno, Forster, Rogers and Monetta|1993
Coelurus|seel-YEW-rus|hollow tail|Marsh|1879
Leaellynasaura|LEE-ELL-IN-a-SORE-a|Leaellyn's lizard|Rich and Rich|1989
Syntarsus |sin-tar-sus|fused tarsus|Raath|1969
Dryptosaurus|drip-toe-SORE-us|tearing lizard|Cope|1866
Mamenchisaurus|mah-men-chi-sore-us|Mamenchi lizard|Young|1954
Achelousaurus|ah-KEL-oo-SORE-us|Achelous' lizard|Sampson|1995
Aragosaurus|ahr-ah-go-sore-us|Aragón lizard|Sanz, Buscalioni, Casanovas and Sanafé|1987
Panoplosaurus|pan-op-loh-sore-us|fully-armoured lizard|Lambe|1919
Probactrosaurus|proh-bak-troh-sore-us|before Bactrosaurus|Rozhdestvensky|1966
Ouranosaurus|oo-RAH-noh-sore-us|brave monitor lizard|Taquet|1976
Dromiceiomimus|dro-MI-see-oh-me-muss|emu mimic|Parks|1926
Gorgosaurus|gor-goh-sore-us|fierce lizard|Lamb|1914
Seismosaurus|SIZE-moh-SORE-us|earth-shaking lizard|Gillette|1991
Urbacodon|urb-ah-ko-don|URBAC tooth|Averianov and Sues|2007
Barosaurus|BAR-oh-sore-us|heavy lizard|Marsh|1890
Wuerhosaurus|woo-uhr-huh-sore-us|Wuerho lizard|Dong|1973
Sonidosaurus|soh-nid-oh-sore-us|Sonid (area in which the type locality is) lizard|Xu, Zhang, Tan, Zhao and Tan|2006
Minmi|min-mie|named after Minmi Crossing|Molnar|1980
Noasaurus|noh-ah-sore-us|northwestern Argentina lizard|Bonaparte and Powell|1980
Elaphrosaurus|el-a-fro-sore-us|fleet lizard|Janensch|1920
Ampelosaurus|am-pel-oh-sore-us|vineyard lizard|Le Loeuff|1995
Liaoceratops|lyow-serra-tops|Liaoning horned face|Xu, Makovicky, Wang, Norell and You|2002
Proceratosaurus|proh-ker-at-oh-sore-us|before Ceratosaurus|Woodward|1910
Struthiosaurus|strew-thee-oh-sore-us|ostrich lizard|Bunzel|1871
Baryonyx|bah-ree-ON-icks|heavy claw|Charig and Milner|1987
Pisanosaurus|pee-sahn-oh-sore-us|Pisano's lizard|Casamiquela|1967
Talarurus|tal-a-roor-us|wicker tail|Maleev|1952
Achillobator|a-kil-oh-bah-tor|Achilles hero|Perle, Norell and Clark|1999
Mapusaurus|mah-puh-sore-us|Earth (Mapuche language|Coria and Currie|2006
Hagryphus|ha-grif-us|Ha (Egyptian god of the western desert) griffin|Zanno and Sampson|2005
Antarctopelta|ant-arc-toe-pel-ta|Antarctic shield|Salgado and Gasparini|2006
Lycorhinus|liek-oh-rien-us|wolf snout|Haughton|1924
Sinosauropteryx|sine-oh-sore-op-ter-iks|Chinese lizard wing|Ji and Ji|1996
Telmatosaurus|tel-ma-toh-sore-us|swamp lizard|Nopcsa|1900
Dryosaurus|dry-oh-SORE-us|oak lizard|Marsh|1894
Gallimimus|gal-lee-MEEM-us|chicken mimic|Osmólska, Roniewicz and Barsbold|1972
Hypselosaurus|hip-sell-oh-sore-us|high ridged lizard|Matheron|1869
Herrerasaurus|herr-ray-rah-SORE-us|Herrera's lizard|Reig|1963
Confuciusornis|kon-few-shus-or-niss|Confucius bird|Hou, Zhou, Gu and Zhang|1995
Bagaceratops|Bag-a-ser-a-tops|small-horned face|Maryanska and Osmolska|1975
Polacanthus|pol-a-KAN-thus|many spines|Hulke|1881
Abelisaurus|ah-BEEL-ee-sore-us|Abel's lizard|Bonaparte and Novas|1985
Protoceratops|pro-toe-ker-ah-tops|first horned face|Granger and Gregory|1923
Khaan|kahn|ruler|Clark, Norell and Barsbold|2001
Scutellosaurus|skoo-tell-oh-sore-us|small shield lizard|Colbert|1981
Udanoceratops|oo-dahn-oh-serra-tops|Udan [Sayr] horned face|Kurzanov|1992
Bellusaurus|bel-uh-sore-us|fine lizard|Dong and Azuma|1990
Lexovisaurus|Lex-oh-vee-sore-us|Lexovii lizard|Hoffstetter|1957
Gasosaurus|gas-oh-SORE-us|gas lizard|Dong and Tang|1985
Segisaurus|sayg-ee-sore-us|Segi [Canyon] lizard|Camp|1936
Utahraptor|YOO-tah-RAP-tor|Utah plunderer|Kirkland, Gaston and Burge|1993
Tsagantegia|tsah-gahn-tay-gee-a|Tsagan Teg|Tumanova|1993
Saltasaurus|salt-a-sore-us|Salta lizard|Bonaparte and Powell|1980
Emausaurus|em-ow-sore-us|EMAU (Ernst-Moritz-Arndt-Universität) lizard|Haubold|1991
Garudimimus|ga-roo-dee-meem-us|Garuda mimic|Barsbold|1981
Anatotitan|an-at-oh-TIE-tan|giant duck||
Yangchuanosaurus|yang-choo-AHN-oh-SORE-us|Yangchuan lizard|Dong, Chang, Li and Zhou|1978
Rebbachisaurus|re-bash-i-sore-us|[Ait] Rebbach lizard|Lavocat|1954
Cedarpelta|see-dar-pel-tuh|Cedar [Mountain Formation] shield|Carpenter, Kirkland, Burge and Bird|2001
Chaoyangsaurus|chow-yahng-sore-us|Chaoyang lizard|Zhao, Cheng and Xu|1999
Agilisaurus|aj-i-li-sore-us|agile lizard|Peng|1990
Eotyrannus|ee-oh-ti-ran-us|dawn tyrant|Hutt, Naish, Martill, Barker and Newberry|2001
Brachylophosaurus|brak-i-lof-oh-sore-us|short-crested lizard|C. M. Sternberg|1953
Nigersaurus|nee-zhayr-sore-us|Niger lizard|Sereno, Beck, Dutheil, Larsson, Lyon, Moussa, Sadleir, Sidor, Varricchio, Wilson & Wilson|1999
Leptoceratops|lep-toh-ker-ah-tops|slim horned face|Brown|1914
Troodon|TROH-oh-don|wounding tooth|Leidy|1856
Podokesaurus|po-doh-kee-sore-us|swift-footed lizard|Talbot|1911
Saurophaganax|sore-oh-fag-ah-naks|king of the lizard eaters|Chure|1996
Pachycephalosaurus|pack-i-KEF-al-oh-sore-russ|thick-headed lizard|Brown and Schlaikjer|1943
Euskelosaurus|yoo-skeel-oh-sore-us|true-limbed lizard|Huxley|1866
Bugenasaura|boo-jen-ah-sore-ah|large cheek lizard|Galton|1995
Erlikosaurus|er-lik-oh-sore-us|Erlik's lizard|Perle vide Barsbold and Perle|1980
Maiasaura|my-ah-SORE-ah|good mother lizard|Horner and Makela|1979
Sinocalliopteryx|sie-no-kall-ee-op-ter-iks|Chinese beautiful feather|Ji, Ji, Lü and Yuan|2007
Kentrosaurus|ken-TROH-sore-us|spiky lizard|Hennig|1915
Brachiosaurus|BRAK-ee-oh-sore-us|arm lizard|Riggs|1903
Lesothosaurus|Le-SO-toe-sore-us|Lesotho lizard|Galton|1978
Euhelopus|yoo-hel-oh-pus|true marsh foot|Wiman|1929
Nomingia|noh-ming-ee-uh|Nomingiin|Barsbold, Osmólska, Watabe, Currie and Tsogtbaatar|2000
Psittacosaurus|SIT-ak-oh-sore-us|parrot lizard|Osborn|1923
Melanorosaurus|me-lan-or-oh-sore-us|Black [Mountain] lizard|Haughton|1924
Tenontosaurus|ten-ON-toe-sore-us|sinew lizard|Ostrom|1970
Tsintaosaurus|ching-dow-sore-us|Qingdao lizard|Young|1958
Brachyceratops|brak-ee-ker-ah-tops|short-horned face|Gilmore|1914
Yimenosaurus|yee-muhn-oh-sore-us|Yimen lizard|Bai, Yang and Wang|1990
Equijubus|ee-kwee-joo-bus|(unknown)|You, Luo, Shubin, Witmer, Tang and Tang|2003
Gastonia|gas-toh-nee-ah|[Robert] Gaston|Kirkland|1998
Edmontonia|ed-mon-TONE-ee-ah|of Edmonton|Sternberg|1928
Ingenia|ing-gay-nee-ah|Ingeni-[Khobur]|Barsbold|1981
Prenocephale|preen-oh-keff-ah-lee|sloping head|Maryańska and Osmólska|1974
Yuanmousaurus|ywahn-moo-sore-us|Yuanmou (area where the type locality is) lizard|Lü, Li, Ji, Wang, Zhang and Dong|2006
Triceratops|tri-SERRA-tops|three-horned face|Marsh|1889
Rhabdodon|RAB-doh-don|rod tooth|Matherton|1869
Maxakalisaurus|max-aka-li-sore-us|Maxakali (tribe of Brazil) lizard|Kellner et al.|2006
Quaesitosaurus|kwee-siet-oh-sore-us|extraordinary lizard|Kurzanov and Bannikov|1983
Aegyptosaurus|ee-JIP-toe-SORE-us|Egyptian lizard|Stromer|1932
Amygdalodon|am-ig-dal-oh-don|almond tooth|Cabrera|1947
Centrosaurus|Cen-TROH-sore-us|sharp pointed lizard||
Irritator|irr-it-ate-or|irritator|Martill, Cruickshank, Frey, Small and Clarke|1996
Graciliceratops|gras-i-li-serra-tops|gracile horned face|Sereno|2000
Carcharodontosaurus|Kar-KAR-o-don-toe-sore-us|Carcharodon lizard|Stromer|1931
Lambeosaurus|lam-BEE-oh-SORE-us|Lambe's lizard|Parks|1923
Tyrannosaurus|tie-RAN-oh-sore-us|tyrant lizard|Osborn|1905
Cetiosauriscus|see-tee-oh-SORE-is-kuss|like whale lizard|von Huene|1927
Jinzhousaurus|jeen-joh-sore-us|Jinzhou lizard|Wang and Xu|2001
Sinvenator|sien-oh-vee-nay-tor|Chinese hunter|Xu, Norell, Wang, Makovicky and Wu|2002
Buitreraptor|bwee-tree-rap-tor|Buitrera ('vulture roost') plunderer|Makovicky, Apesteguía & Agnolin|2005
Gryposaurus|grip-oh-sore-us|hook-nosed lizard|Lambe|1914
Liliensternus|lil-ee-en-shtern-us|[for] Lilienstern|Huene|1934
Shamosaurus|shah-maw-sore-us|desert lizard|Tumanova|1983
Zuniceratops|zoo-nee-serra-tops|Zuni horned head|Wolfe and Kirkland|1998
Atlascopcosaurus|Atlass-KOP-KO-sore-us|Atlas Copco lizard|Rich and Rich|1989
Piatnitzkysaurus|pye-at-nits-key-sore-us|Piatnitzky's lizard|Bonaparte|1979
Allosaurus|AL-oh-saw-russ|other lizard|Marsh|1877
Afrovenator|aff-ROW-ven-ah-tor|African hunter|Sereno, Wilson, Larsson, Dutheil and Sues|1944
Vulcanodon|vul-kan-oh-don|volcano tooth|Raath|1972
Anchiceratops|an-key-SERRA-tops|near horned lizard|Brown|1914
Lophorhothon|lof-oh-roh-thon|crested nose|Xu, Makovicky, Wang, Norell and You|1960
Zephyrosaurus|ZEF-ear-ro-SORE-us|west wind lizard|Sues|1980
Iguanodon|ig-WHA-noh-don|iguana tooth|Boulenger and van Beneden|1881
Massospondylus|mass-oh-SPON-di-luss|massive vertebrae|Owen|1854
Deltadromeus|del-tah-drohm-ee-us|delta runner|Sereno, Duthiel, Iarochene, Larsson, Lyon, Magwene, Sidor, Varricchio and Wilson|1996
Fukuisaurus|foo-koo-I-sore-us|Fukui lizard|Kobayashi and Azuma|2003
Lamaceratops|lah-mah-serra-tops|Lama (Buddhist monk) horned face|Alifanov|2003
Erketu|er-kee-tu|Erketu = Tengri (a Mongolian creator-god)|Ksepka and Norell|2006
Nanshiungosaurus|nahn-shyung-oh-sore-us|Nanxiong lizard|Dong|1979
Homalocephale|Home-ah-loh-keff-ah-lee|level head|Maryańska and Osmólska|1974
Orodromeus|or-oh-DROM-ee-us|mountain runner|Horner and Weishampel|1988
Cetiosaurus|See-TEE-oh-sore-us|whale lizard|Phillips|1871
Pelicanimimus|pel-e-kan-i-mim-us|pelican mimic|Pérez-Moreno, Sanz, Buscalioni, Moratalla, Ortega and Rasskin-Gutman|1994
Alioramus|al-ee-oh-ray-mus|other [evolutionary] branch|Kurzanov|1976
Guanlong|gwan-long|crowned dragon|Xu, Clark, Forster, Norell, Erickson, Eberth, Jia and Zhao|2006
Valdosaurus|val-doh-sore-us|Wealden lizard|Galton|1975
Torosaurus|tor-oh-SORE-us|bull lizard|Marsh|1891
Paralititan|pa-ral-i-tie-tuhn|tidal giant|Smith, Lamanna, Lacovara, Dodson, Smith, Poole, Giegengack and Attia|2001
Opisthocoelicaudia|o-pis-tho-seel-i-cawd-ee-a|hollow-backed tail [vertebrae]|Borsuk-Bialynicka|1977
Alectrosaurus|ah-LEK-tro-sore-us|eagle lizard|Gilmore|1933
Mononykus|mono-Nike-us|single claw|Perle, Norell, Chiappe and Clark|1993
Monolophosaurus|mono-Loh-foh-sore-us|single-crested lizard|Zhao and Currie|1993
Bambiraptor|bam-bee-rap-tor|Bambi plunderer|Burnham, Derstler, Currie, Bakker, Zhou and Ostrom|2000
Poekilopleuron|peek-i-loh-ploor-on|varied ribs|Eudes-Deslongchamps|1838
Haplocanthosaurus|hap-lo-kan-tho-sore-us|simple-spined lizard|Hatcher|1903
Conchoraptor|kon-koh-rap-tor|conch thief|Barsbold|1986
Hesperosaurus|hes-per-oh-sore-us|western lizard|Carpenter, Miles and Cloward|2001
Bactrosaurus|bak-troh-sore-us|club [spined] lizard|Gilmore|1933
Therizinosaurus|THER-ih-zine-oh-SORE-us|scythe lizard|Maleev|1915
Shuvuuia|shu-voo-ee-ah|bird|Chiappe, Norell and Clark|1998
Nqwebasaurus|n-qu-web-ah-sore-us|Nqweba lizard|de Klerk, Forster, Sampson, Chinsamy and Ross|2000
Avalonia|ah-val-oh-nee-a|[for] Avalon|Seeley|1898
Tarbosaurus|TAR-bow-SORE-us|alarming lizard|Maleev|1955
Muttaburrasaurus|MUT-a-BURR-a-SORE-us|Muttaburra lizard|Bartholomai and Molnar|1981
Chinshakiangosaurus|jing-sha-kiang-oh-sore-us|Chinshakiang lizard|Yeh|1975
Sauropelta|sore-oh-pelt-ah|lizard shield|Ostrom|1970
Camptosaurus|KAMP-toe-sore-us|bent lizard|Marsh|1885
Anchisaurus|ANK-ee-sore-us|near lizard|Marsh|1885
Huayangosaurus|hoy-YANG-oh-SORE-us|Huayang lizard|Dong, Tang and Zhou|1982
Microraptor|MIKE-row-rap-tor|tiny plunderer|Xu, Zhou and Wang|2000
Guaibasaurus|gwie-bah-sore-us|[Rio] Guaiba lizard|Bonaparte, Ferigolo and Ribeiro|1999
Aucasaurus|aw-ka-sore-us|Auca lizard|Coria, Chiappe and Dingus|2002
Deinonychus|die-NON-i-kuss|terrible claw|Ostrom|1969
Saichania|sigh-CHAN-ee-a|beautiful|Maryañska|1977
Argentinosaurus|AR-gent-eeno-sore-us|Argentina lizard|Bonaparte and Coria|1993
Zalmoxes|zal-moks-eez|Zalmoxes (Dacian deity)|Nopcsa|1902
Pantydraco|pant-ee-drak-oh|Pant-y-ffynnon dragon|Galton, Yates and Kermack 2007|2003
Hadrosaurus|HAD-row-SORE-us|big lizard|Leidy|1858
Heterodontosaurus|HET-er-oh-DON’T-oh-sore-us|different-teeth lizard|Crompton and Charig|1962
Gargoyleosaurus|gahr-goy-lee-oh-sore-us|gargoyle lizard|Carpenter, Miles and Cloward|1998
Alamosaurus|ah-la-mow-SORE-us|Alamo lizard|Gilmore|1922
Nipponosaurus|nip-on-oh-sore-us|Japanese lizard|Nagao|1936
Archaeoceratops|ahr-kee-oh-serra-tops|ancient horned face|Dong and Azuma|1987
Arrhinoceratops|ay-rine-oh-ker-ah-tops|without-nose-horn face|Parks|1925
Pelorosaurus|pel-oh-ROW-sore-us|monstrous lizard|Mantell|1850
Saurolophus|SORE-oh-LOAF-us|ridged lizard|Brown|1912
Scelidosaurus|skel-EYE-doh-sore-us|limb lizard|Owen|1868
Lurdusaurus|loor-duh-sore-us|heavy lizard|Taquet & Russell|1999
Micropachycephalosaurus|mike-row-pak-ee-keff-ah-loh-sore-us|tiny thick-headed lizard|Dong|1978
Gilmoreosaurus|GIL-more-oh-SORE-us|Gilmore's lizard|Brett-Surman|1979
Sinornithosaurus|sine-or-nith-oh-sore-us|Chinese bird lizard|Xu, Wang and Wu|1999
Carnotaurus|Kar-noh-TORE-us|carnivorous bull|Bonaparte|1985
Protarchaeopteryx|pro-tark-ee-op-ter-iks|before Archaeopteryx|Ji and Ji|1997
Fukuiraptor|foo-koo-ee-rap-tor|Fukui plunderer|Azuma and Currie|2000
Plateosaurus|plat-ee-oh-sore-us|flat lizard|Meyer|1837
Tuojiangosaurus|too-YANG-oh-sore-us|Tuo River lizard|Dong, Li, Zhou and Zhang|1973
Anserimimus|ANN-ser-ih-mee-muss|goose mimic|Barsbold|1988
Cryolophosaurus|cry-o-loaf-oh-sore-us|frozen crested lizard|Hammer and Hickerson|1994
Rugops|roo-gops|wrinkle face|Sereno, Wilson and Conrad|2004
Riojasaurus|ree-oh-hah-sore-us|[La] Rioja lizard|Bonaparte|1969
Ornithomimus|orn-ITH-oh-MEE-mus|bird mimic|Marsh|1890
Shanag|sha-nag|named after the dancers in the Buddhist Tsam festival|Turner, Hwang and Norell|2007
Ankylosaurus|an-KIE-loh-sore-us|stiff lizard|Brown|1908
Coloradisaurus|ko-lo-rahd-i-sore-us|[Los] Colorados lizard|Bonaparte|1978
Europasaurus|yoo-roh-pah-sore-us|Europe lizard|Sander, Mateus, Laven and Knötschke|2006
Kritosaurus|KRIT-oh-SORE-us|noble lizard|Brown|1910
Juravenator|ju-rah-ve-nay-tor|Jura (Bavarian mountains) hunter|Göhlich & Chiappe|2006
Metriacanthosaurus|met-ree-a-kan-tho-sore-us|moderately-spined lizard|Walker|1964
Eolambia|ee-oh-lam-bee-ah|dawn lambeosaurine|Kirkland|1998
Jaxartosaurus|jak-sahr-toh-sore-us|Jaxartes [River] lizard|Riabinin|1939
Pinacosaurus|pin-ak-oh-sore-us|plank lizard|Gilmore|1933
Chungkingosaurus|chung-ching-oh-sore-us|Chongqing lizard|Dong, Zhou and Zhang|1983
Stegosaurus|STEG-oh-SORE-us|roof lizard|Marsh|1877
Deinocheirus|DINE-oh-KIRE-us|terrible hand|Osmólska and Roniewicz|1970
Datousaurus|dah-too-SORE-us|Datou lizard|Dong and Tang|1984
Albertaceratops|al-bert-a-serra-tops|Alberta horned face|Ryan|2007
Borogovia|bor-o-goh-vee-a|borogove|Osmólska|1987
Suchomimus|sook-oh-mim-us|crocodile mimic|Sereno, Beck, Dutheil, Gado, Larsson, Lyon, Marcot, Rauhut, Sadleir, Sidor, Varricchio, Wilson and Wilson|1998
Aardonyx|ar-don-ix|Earth claw|Yates, Bonnan, Neveling, Chinsamy and Blackbeard 2010|2009
Ceratosaurus|Keh-RAT-oh-sore-us|horned lizard|Marsh|1884
Dacentrurus|dah-sen-troo-russ|pointed tail|Lucas|1902
Saltopus|sal-to-pus|hopping foot|Huene|1910
Pentaceratops|pent-ah-ker-ah-tops|five-horned face|Osborn|1923
Hypacrosaurus|hi-pak-roh-sore-us|near-topmost lizard|Brown|1913
Dilophosaurus|die-LOAF-oh-sore-us|two-ridged lizard||
Isisaurus|iss-ee-sore-us|ISI (Indian Statistical Institute) lizard|Jain and Bandyopadhyay|1997
Yandusaurus|yen-doo-sore-us|Yandu lizard|He|1979
Dicraeosaurus|die-KRAY-oh-SORE-us|forked lizard|Janensch|1914
Jingshanosaurus|jing-shahn-oh-sore-us|Jingshan lizard|Zhang and Yang|1995
Rinchenia|rin-chen-ee-ah|Rinchen|Barsbold|1986
Nothronychus|noh-thron-i-kus|sloth-like claw|Kirkland and Wolfe|2001
Silvisaurus|sil-vi-sore-us|forest lizard|Eaton|1960
Secernosaurus|see-ser-noh-sore-us|separated lizard|Brett-Surman|1979
Albertosaurus|al-BERT-oh-saw-russ|Alberta lizard|Lamb|1914
Pachyrhinosaurus|pack-ee-RINE-oh-sore-us|thick-nosed lizard|Sternberg|1950
Tylocephale|tie-loh-keff-ah-lee|swelling head|Maryańska and Osmólska|1974
Microceratops|mike-row-ker-ah-tops|tiny horned face; Aral lizard|Bohlin|1953
Gasparinisaura|gas-pah-reen-ee-sore-us|Gasparini's lizard|Coria and Salgado|1996
Lufengosaurus|Loo-FUNG-oh-SORE-us|Lufeng lizard|Young|1941
Rhoetosaurus|reet-oh-sore-us|Rhoetan lizard|Longman|1926
Edmontosaurus|ed-MON-toe-sore-us|Edmonton lizard|Lambe|1917
Shunosaurus|SHOON-oh-SORE-us|Shuno lizard|Dong, Zhou and Zhang|1983
Magyarosaurus|mod-yar-oh-sore-us|Magyar lizard|Nopcsa|1915
Eustreptospondylus|ewe-strep-toe-SPON-die-luss|well-curved vertebra|Walker|1964
Stenopelix|ste-nop-e-liks|narrow pelvis|Meyer|1857
Amargasaurus|A-MARG-oh-sore-us|Amarga lizard|Salgado and Bonaparte|1991
Procompsognathus|pro-comp-sog-nay-thus|before Compsognathus|Fraas|1913
Spinosaurus|SPINE-oh-SORE-us|thorn lizard|Stromer|1915
Janenschia|yan-ensh-ee-ah|named after Janansch|Wild|1991
Oryctodromeus|or-ik-tow-drohm-ee-us|digging runner|Varricchio, Marin and Katsura|2007
Tarchia|tahrk-ee ah|brainy one|Maleev|1956
Omeisaurus|oh-mee-sore-us|Omei lizard|Young|1939
Stegoceras|ste-GOS-er-as|horny roof|Lambe|1902
Barapasaurus|Bar-rap-oh-SORE-us|big leg lizard|Jain, Kutty, Roy-Chowdhury and Chatterjee|1975
Sinraptor|sien-rap-tor|Chinese plunderer|Gao|1992
Acrocanthosaurus|ah-kroh-kan-tho-SORE-us|high-spined lizard|Stovall and Langston|1950
Kotasaurus|koht-a-sore-us|Kota lizard|Yadagiri|1988
Yunnanosaurus|yoo-nahn-oh-sore-us|Yunnan lizard|Young|1942
Chirostenotes|kie-ro-sten-oh-teez|narrow-handed|Gilmore|1924
Giraffatitan|ji-raf-a-tie-tan|giraffe titan|Janensch|1914
Ligabuesaurus|lee-gah-boo-sore-us|[Dr Giancarlo] Ligabue lizard|Bonaparte, González Riga and Apesteguía|2006
Protohadros|proh-toh-had-ros|first hadrosaur|Head|1998
Brachytrachelopan|brak-i-trak-eh-loh-pan|short-necked Pan [shepherd god]|Rauhut, Remes, Fechner, Cladera and Puerta|2005
Malawisaurus|mah-lah-wee-sore-us|Malawi lizard|Haughton|1928
Othnielia|oth-ni-ee-lee-a|[for] Othniel [Marsh]|Marsh|1877
Staurikosaurus|stor-ik-oh-sore-us|Southern Cross lizard|Colbert|1970
Coelophysis|seel-OH-fie-sis|hollow form||
Gobisaurus|goh-bee-sore-us|Gobi lizard|Vickaryous, Russell, Currie and Zhao|2001
Prosaurolophus|proh-sore-oh-lof-us|before lizard crest [Saurolophus]|Brown|1916
Harpymimus|har-pi-miem-us|harpy mimic|Barsbold and Perle|1984
Chasmosaurus|KAZ-mo-sore-us|chasm lizard||
Avaceratops|ay-va-ker-ah-tops|Ava's horned face|Dodson|1986
Torvosaurus|TOR-voh-SORE-us|savage lizard|Galton and Jensen|1979
Lapparentosaurus|la-pah-rent-oh-sore-us|Lapparent's lizard|Bonaparte|1986
Diceratops|die-ker-ah-tops|two-horned face|Lull|1905
Jobaria|joh-bahr-ee-uh|Jobar (mythical animal)|Sereno, Beck, Dutheil, Larsson, Lyon, Moussa, Sadleir, Sidor, Varricchio, Wilson and Wilson|1999
Daspletosaurus|da-PLEE-toe-SORE-us|frightful lizard|Russell|1970
Thecodontosaurus|theek-o-don-toh-sore-us|socket-toothed lizard|Morris|1843
Nanotyrannus|nan-oh-tie-ran-us|tiny tyrant|Gilmore|1946
Saurornithoides|sore-OR-nith-OID-eez|bird-like lizard|Osborn|1924
Chialingosaurus|jyah-ling-oh-sore-us|Jialing [River] lizard|Young|1959
Ammosaurus|ah-moh-SORE-us|sand lizard|Marsh|1891
Yinlong|yin-long|hidden dragon|Xu, Forster, Clark and Mo|2006
Sarcosaurus|sahr-koh-sore-us|flesh lizard|Andrews|1921
Compsognathus|Komp-sog-NATH-us|pretty jaw|Wagner|1859
Aralosaurus|ar-al-oh-sore-us|Aral lizard|Rozhdestvensky|1968
Camarasaurus|KAM-ar-a-sore-us|chambered lizard|Cope|1877
Platyceratops|plat-ee-serra-tops|flat horned face|Alifanov|2003
Ornitholestes|Or-nith-oh-LES-teez|bird robber|Osbourne|1933
Struthiomimus|STRUTH-ee-oh-MEEM-us|ostrich mimic|Osborn|1917
Hylaeosaurus|HIGH-lee-oh-sore-us|woodland lizard|Mantell|1833
Patagosaurus|pat-ag-oh-sore-us|Patagonian lizard|Bonaparte|1979
Majungatholus|mah-joong-gah-thol-us|Majunga dome|Sues & Taquet|1979
Shantungosaurus|shan-TUN-go-sore-us|Shantung (=Shandong) lizard|Hu|1973
Dromaeosaurus|DROM-ee-oh-saw-russ|running lizard|Matthew and Brown|1922
Parasaurolophus|pa-ra-saw-ROL-off-us|like 'Saurolophus'|Parks|1922
Antarctosaurus|Ant-ARK-toe-sore-us|non-northern lizard|von Huene|1929
Segnosaurus|SEG-no-SORE-us|slow lizard|Perle|1979
Tanius|tahn-ee-us|[H. C.] Tan|Wiman|1929
Nemegtosaurus|Nem-egg-tow-sore-us|Nemegt lizard|Nowinski|1971
Giganotosaurus|gig-an-OH-toe-SORE-us|giant southern lizard|Coria and Salgado|1995
Becklespinax|beck-el-spien-aks|Beckles' "spinax"|Paul|1988
Goyocephale|goy-oh-keff-ah-lee|decorated head|Perle, Maryańska and Osmólska|1982
Caudipteryx|caw-dip-ter-iks|tail feather|Ji, Currie, Norell and Ji.|1998
Alvarezsaurus|al-var-rez-SORE-us|Alvarez's lizard|Bonaparte|1991
Dravidosaurus|dra-vid-oh-sore-us|Dravidanadu lizard|Yadagiri and Ayyasami|1979
Unenlagia|oon-en-lahg-ee-ah|half bird|Novas and Puerta|1997
Chindesaurus|chin-dee-sore-us|Chinde lizard|Long and Murry|1995
Dracorex|dray-ko-rex|Dragon king|Bakker, Sullivan, Porter, Larson and Saulsbury|2006
Chubutisaurus|choo-boot-i-sore-us|Chubut [Province] lizard|Corro|1974
Thescelosaurus|thes-kel-oh-SORE-us|wonderful lizard|Gilmore|1913
Oviraptor|OH-vee-RAP-tor|egg thief|Osborn|1924
Indosuchus|in-doh-sook-us|Indian crocodile|Huene and Matley|1933
Neuquenosaurus|nayoo-ken-oh-sore-us|Neuquén lizard|Lydekker|1893
Supersaurus|sue-per-sore-us|super lizard|Jansen|1985
Euoplocephalus|you-OH-plo-kef-ah-luss|well-armoured head||
Liaoxiornis|lyow-shee-or-nis|Liaoxi bird|Hou and Chen|1999
Stygimoloch|stij-i-mol-ok|Styx demon|Galton and Sues|1983
Velociraptor|vel-OSS-ee-rap-tor|quick plunderer|Osborn|1924
Archaeopteryx|ark-ee-OPT-er-ix|ancient wing|Mayer|1861
Parksosaurus|PARKS-oh-SORE-us|Park's lizard|Sternberg|1937
Corythosaurus|koh-rith-OH-sore-us|Corinthian helmet lizard|Brown|1914
Citipati|chit-i-puh-tih|lord of the funeral pyre|Clark, Norell and Barsbold|2001
Azendohsaurus|ah-zen-doh-sore-us|Azendoh lizard|Dutuit|1972
Einiosaurus|ie-nee-oh-sore-us|bison lizard|Sampson|1995
Archaeornithomimus|Ark-ee-orn-ith-oh-meem-us|ancient bird mimic|Russell|1972
Lophostropheus|lof-oh-stro-fee-us|crested verebra|Ezcurra and Cuny 2007|1993
Dubreuillosaurus|dub-rhe-oo-oh-sore-us|(unknown)|Allain|2005
Masiakasaurus|mah-shee-ah-kah-sore-us|vicious lizard|Sampson, Carrano & Forster|2001
Avimimus|ah-vee-MEEM-us|bird mimic|Kurzanov|1981
Austrosaurus|aws-troh-sore-us|south lizard|Longman|1933
Yingshanosaurus|ying-shan-oh-sore-us|Mt. Ying lizard|Watanabe|1992
Marshosaurus|marsh-oh-sore-us|[Othniel Charles] Marsh lizard|Madsen|1976
Hypsilophodon|hip-sih-LOH-foh-don|high-ridge tooth|Huxley|1869
Diplodocus|DIP-low DOCK-us|double beam|Marsh|1878
Megalosaurus|MEG-ah-low-sore-us|big lizard|Ritgen|1826
Apatosaurus|ah-PAT-oh-sore-us|deceptive lizard|Marsh|1877
Pleurocoelus|ploor-oh-seel-us|hollow-sided [vertebrae]|Marsh|1888
Neovenator|nee-oh-ve-nay-tor|new hunter|Hutt, Martill and Barker|1996
Nodosaurus|no-doh-SORE-us|node lizard|Marsh|1889
